{
  "accuracy": 0.8658064516129033,
  "macro_f1": 0.8658158429957792,
  "weighted_f1": 0.864704644762443,
  "confusion_matrix": [
    [
      308,
      16,
      1,
      2,
      2,
      14,
      0,
      2,
      7,
      1
    ],
    [
      1,
      96,
      0,
      0,
      0,
      0,
      0,
      0,
      0,
      0
    ],
    [
      0,
      1,
      19,
      0,
      0,
      0,
      0,
      0,
      0,
      0
    ],
    [
      0,
      0,
      0,
      12,
      0,
      0,
      0,
      0,
      0,
      0
    ],
    [
      2,
      0,
      0,
      0,
      31,
      1,
      0,
      0,
      0,
      0
    ],
    [
      20,
      5,
      2,
      1,
      4,
      96,
      2,
      0,
      1,
      4
    ],
    [
      3,
      0,
      0,
      0,
      0,
      1,
      26,
      0,
      0,
      0
    ],
    [
      2,
      0,
      0,
      0,
      0,
      0,
      0,
      16,
      0,
      0
    ],
    [
      3,
      0,
      0,
      0,
      0,
      0,
      0,
      0,
      19,
      0
    ],
    [
      2,
      0,
      0,
      0,
      0,
      3,
      0,
      0,
      1,
      48
    ]
  ],
  "classification_report": {
    "Cotton": {
      "precision": 0.9032258064516129,
      "recall": 0.8725212464589235,
      "f1-score": 0.8876080691642652,
      "support": 353.0
    },
    "Denim": {
      "precision": 0.8135593220338984,
      "recall": 0.9896907216494846,
      "f1-score": 0.8930232558139535,
      "support": 97.0
    },
    "Fleece": {
      "precision": 0.8636363636363636,
      "recall": 0.95,
      "f1-score": 0.9047619047619048,
      "support": 20.0
    },
    "Linen": {
      "precision": 0.8,
      "recall": 1.0,
      "f1-score": 0.8888888888888888,
      "support": 12.0
    },
    "Nylon": {
      "precision": 0.8378378378378378,
      "recall": 0.9117647058823529,
      "f1-score": 0.8732394366197183,
      "support": 34.0
    },
    "Polyester": {
      "precision": 0.8347826086956521,
      "recall": 0.7111111111111111,
      "f1-score": 0.768,
      "support": 135.0
    },
    "Silk": {
      "precision": 0.9285714285714286,
      "recall": 0.8666666666666667,
      "f1-score": 0.896551724137931,
      "support": 30.0
    },
    "Terrycloth": {
      "precision": 0.8888888888888888,
      "recall": 0.8888888888888888,
      "f1-score": 0.8888888888888888,
      "support": 18.0
    },
    "Viscose": {
      "precision": 0.6785714285714286,
      "recall": 0.8636363636363636,
      "f1-score": 0.76,
      "support": 22.0
    },
    "Wool": {
      "precision": 0.9056603773584906,
      "recall": 0.8888888888888888,
      "f1-score": 0.897196261682243,
      "support": 54.0
    },
    "accuracy": 0.8658064516129033,
    "macro avg": {
      "precision": 0.8454734062045602,
      "recall": 0.894316859318268,
      "f1-score": 0.8658158429957792,
      "support": 775.0
    },
    "weighted avg": {
      "precision": 0.8690325219495574,
      "recall": 0.8658064516129033,
      "f1-score": 0.864704644762443,
      "support": 775.0
    }
  },
  "loss": 0.6592734233794674
}