{
  "accuracy": 0.8064516129032258,
  "macro_f1": 0.8181766434203247,
  "weighted_f1": 0.8083349001392708,
  "confusion_matrix": [
    [
      228,
      23,
      3,
      3,
      19,
      21,
      1,
      4,
      32,
      19
    ],
    [
      0,
      97,
      0,
      0,
      0,
      0,
      0,
      0,
      0,
      0
    ],
    [
      0,
      0,
      20,
      0,
      0,
      0,
      0,
      0,
      0,
      0
    ],
    [
      0,
      0,
      0,
      12,
      0,
      0,
      0,
      0,
      0,
      0
    ],
    [
      0,
      0,
      0,
      0,
      34,
      0,
      0,
      0,
      0,
      0
    ],
    [
      6,
      0,
      4,
      0,
      0,
      111,
      3,
      1,
      4,
      6
    ],
    [
      0,
      0,
      0,
      0,
      0,
      0,
      30,
      0,
      0,
      0
    ],
    [
      0,
      0,
      0,
      0,
      0,
      0,
      0,
      18,
      0,
      0
    ],
    [
      1,
      0,
      0,
      0,
      0,
      0,
      0,
      0,
      21,
      0
    ],
    [
      0,
      0,
      0,
      0,
      0,
      0,
      0,
      0,
      0,
      54
    ]
  ],
  "classification_report": {
    "Cotton": {
      "precision": 0.9702127659574468,
      "recall": 0.6458923512747875,
      "f1-score": 0.7755102040816326,
      "support": 353.0
    },
    "Denim": {
      "precision": 0.8083333333333333,
      "recall": 1.0,
      "f1-score": 0.8940092165898618,
      "support": 97.0
    },
    "Fleece": {
      "precision": 0.7407407407407407,
      "recall": 1.0,
      "f1-score": 0.851063829787234,
      "support": 20.0
    },
    "Linen": {
      "precision": 0.8,
      "recall": 1.0,
      "f1-score": 0.8888888888888888,
      "support": 12.0
    },
    "Nylon": {
      "precision": 0.6415094339622641,
      "recall": 1.0,
      "f1-score": 0.7816091954022989,
      "support": 34.0
    },
    "Polyester": {
      "precision": 0.8409090909090909,
      "recall": 0.8222222222222222,
      "f1-score": 0.8314606741573034,
      "support": 135.0
    },
    "Silk": {
      "precision": 0.8823529411764706,
      "recall": 1.0,
      "f1-score": 0.9375,
      "support": 30.0
    },
    "Terrycloth": {
      "precision": 0.782608695652174,
      "recall": 1.0,
      "f1-score": 0.8780487804878049,
      "support": 18.0
    },
    "Viscose": {
      "precision": 0.3684210526315789,
      "recall": 0.9545454545454546,
      "f1-score": 0.5316455696202531,
      "support": 22.0
    },
    "Wool": {
      "precision": 0.6835443037974683,
      "recall": 1.0,
      "f1-score": 0.8120300751879699,
      "support": 54.0
    },
    "accuracy": 0.8064516129032258,
    "macro avg": {
      "precision": 0.7518632358160567,
      "recall": 0.9422660028042464,
      "f1-score": 0.8181766434203247,
      "support": 775.0
    },
    "weighted avg": {
      "precision": 0.8596341972626611,
      "recall": 0.8064516129032258,
      "f1-score": 0.8083349001392708,
      "support": 775.0
    }
  },
  "loss": 0.7986370376233132
}