{
  "accuracy": 0.8206451612903226,
  "macro_f1": 0.8304176280084061,
  "weighted_f1": 0.8231200497107216,
  "confusion_matrix": [
    [
      234,
      17,
      5,
      4,
      21,
      20,
      2,
      1,
      26,
      23
    ],
    [
      0,
      96,
      0,
      0,
      0,
      0,
      0,
      0,
      0,
      1
    ],
    [
      0,
      0,
      20,
      0,
      0,
      0,
      0,
      0,
      0,
      0
    ],
    [
      0,
      0,
      0,
      12,
      0,
      0,
      0,
      0,
      0,
      0
    ],
    [
      0,
      0,
      0,
      0,
      33,
      1,
      0,
      0,
      0,
      0
    ],
    [
      2,
      1,
      2,
      0,
      4,
      118,
      1,
      0,
      2,
      5
    ],
    [
      0,
      0,
      0,
      0,
      0,
      0,
      30,
      0,
      0,
      0
    ],
    [
      0,
      0,
      0,
      0,
      0,
      0,
      0,
      18,
      0,
      0
    ],
    [
      0,
      0,
      0,
      0,
      0,
      0,
      0,
      0,
      22,
      0
    ],
    [
      0,
      0,
      0,
      0,
      0,
      1,
      0,
      0,
      0,
      53
    ]
  ],
  "classification_report": {
    "Cotton": {
      "precision": 0.9915254237288136,
      "recall": 0.6628895184135978,
      "f1-score": 0.7945670628183361,
      "support": 353.0
    },
    "Denim": {
      "precision": 0.8421052631578947,
      "recall": 0.9896907216494846,
      "f1-score": 0.909952606635071,
      "support": 97.0
    },
    "Fleece": {
      "precision": 0.7407407407407407,
      "recall": 1.0,
      "f1-score": 0.851063829787234,
      "support": 20.0
    },
    "Linen": {
      "precision": 0.75,
      "recall": 1.0,
      "f1-score": 0.8571428571428571,
      "support": 12.0
    },
    "Nylon": {
      "precision": 0.5689655172413793,
      "recall": 0.9705882352941176,
      "f1-score": 0.717391304347826,
      "support": 34.0
    },
    "Polyester": {
      "precision": 0.8428571428571429,
      "recall": 0.8740740740740741,
      "f1-score": 0.8581818181818182,
      "support": 135.0
    },
    "Silk": {
      "precision": 0.9090909090909091,
      "recall": 1.0,
      "f1-score": 0.9523809523809523,
      "support": 30.0
    },
    "Terrycloth": {
      "precision": 0.9473684210526315,
      "recall": 1.0,
      "f1-score": 0.972972972972973,
      "support": 18.0
    },
    "Viscose": {
      "precision": 0.44,
      "recall": 1.0,
      "f1-score": 0.6111111111111112,
      "support": 22.0
    },
    "Wool": {
      "precision": 0.6463414634146342,
      "recall": 0.9814814814814815,
      "f1-score": 0.7794117647058824,
      "support": 54.0
    },
    "accuracy": 0.8206451612903226,
    "macro avg": {
      "precision": 0.7678994881284147,
      "recall": 0.9478724030912755,
      "f1-score": 0.8304176280084061,
      "support": 775.0
    },
    "weighted avg": {
      "precision": 0.8742526963424359,
      "recall": 0.8206451612903226,
      "f1-score": 0.8231200497107216,
      "support": 775.0
    }
  },
  "loss": 0.7741745368511446
}