{
  "accuracy": 0.944516129032258,
  "macro_f1": 0.9553335835764976,
  "weighted_f1": 0.944959726371808,
  "confusion_matrix": [
    [
      314,
      7,
      2,
      0,
      9,
      16,
      1,
      0,
      2,
      2
    ],
    [
      0,
      97,
      0,
      0,
      0,
      0,
      0,
      0,
      0,
      0
    ],
    [
      0,
      0,
      20,
      0,
      0,
      0,
      0,
      0,
      0,
      0
    ],
    [
      0,
      0,
      0,
      12,
      0,
      0,
      0,
      0,
      0,
      0
    ],
    [
      0,
      0,
      0,
      0,
      34,
      0,
      0,
      0,
      0,
      0
    ],
    [
      0,
      0,
      0,
      0,
      2,
      131,
      0,
      0,
      0,
      2
    ],
    [
      0,
      0,
      0,
      0,
      0,
      0,
      30,
      0,
      0,
      0
    ],
    [
      0,
      0,
      0,
      0,
      0,
      0,
      0,
      18,
      0,
      0
    ],
    [
      0,
      0,
      0,
      0,
      0,
      0,
      0,
      0,
      22,
      0
    ],
    [
      0,
      0,
      0,
      0,
      0,
      0,
      0,
      0,
      0,
      54
    ]
  ],
  "classification_report": {
    "Cotton": {
      "precision": 1.0,
      "recall": 0.8895184135977338,
      "f1-score": 0.9415292353823088,
      "support": 353.0
    },
    "Denim": {
      "precision": 0.9326923076923077,
      "recall": 1.0,
      "f1-score": 0.9651741293532339,
      "support": 97.0
    },
    "Fleece": {
      "precision": 0.9090909090909091,
      "recall": 1.0,
      "f1-score": 0.9523809523809523,
      "support": 20.0
    },
    "Linen": {
      "precision": 1.0,
      "recall": 1.0,
      "f1-score": 1.0,
      "support": 12.0
    },
    "Nylon": {
      "precision": 0.7555555555555555,
      "recall": 1.0,
      "f1-score": 0.8607594936708861,
      "support": 34.0
    },
    "Polyester": {
      "precision": 0.891156462585034,
      "recall": 0.9703703703703703,
      "f1-score": 0.9290780141843972,
      "support": 135.0
    },
    "Silk": {
      "precision": 0.967741935483871,
      "recall": 1.0,
      "f1-score": 0.9836065573770492,
      "support": 30.0
    },
    "Terrycloth": {
      "precision": 1.0,
      "recall": 1.0,
      "f1-score": 1.0,
      "support": 18.0
    },
    "Viscose": {
      "precision": 0.9166666666666666,
      "recall": 1.0,
      "f1-score": 0.9565217391304348,
      "support": 22.0
    },
    "Wool": {
      "precision": 0.9310344827586207,
      "recall": 1.0,
      "f1-score": 0.9642857142857143,
      "support": 54.0
    },
    "accuracy": 0.944516129032258,
    "macro avg": {
      "precision": 0.9303938319832964,
      "recall": 0.9859888783968105,
      "f1-score": 0.9553335835764976,
      "support": 775.0
    },
    "weighted avg": {
      "precision": 0.9511261550528887,
      "recall": 0.944516129032258,
      "f1-score": 0.944959726371808,
      "support": 775.0
    }
  },
  "loss": 0.43483469128608704
}