{
  "accuracy": 0.21900452488687783,
  "macro_f1": 0.19506170852431923,
  "weighted_f1": 0.18139006180321257,
  "confusion_matrix": [
    [
      2,
      0,
      0,
      0,
      0,
      2,
      0,
      0,
      0,
      0,
      1,
      1,
      0,
      0,
      0,
      0,
      0,
      0,
      1,
      0,
      0,
      0
    ],
    [
      0,
      0,
      0,
      0,
      0,
      0,
      0,
      0,
      0,
      0,
      1,
      0,
      0,
      0,
      0,
      0,
      0,
      0,
      0,
      0,
      0,
      0
    ],
    [
      0,
      0,
      1,
      0,
      0,
      0,
      0,
      0,
      0,
      0,
      0,
      1,
      0,
      0,
      0,
      0,
      0,
      0,
      0,
      0,
      0,
      0
    ],
    [
      4,
      0,
      4,
      5,
      1,
      27,
      17,
      23,
      7,
      0,
      3,
      16,
      7,
      29,
      0,
      0,
      8,
      31,
      10,
      15,
      15,
      24
    ],
    [
      0,
      0,
      0,
      0,
      0,
      0,
      0,
      0,
      0,
      0,
      0,
      0,
      2,
      1,
      0,
      0,
      0,
      0,
      4,
      0,
      1,
      0
    ],
    [
      0,
      0,
      0,
      0,
      0,
      11,
      0,
      0,
      0,
      0,
      2,
      0,
      0,
      0,
      0,
      0,
      0,
      0,
      0,
      2,
      0,
      0
    ],
    [
      1,
      0,
      1,
      5,
      4,
      23,
      32,
      7,
      17,
      0,
      11,
      20,
      8,
      43,
      0,
      0,
      32,
      58,
      12,
      17,
      39,
      23
    ],
    [
      0,
      0,
      0,
      0,
      0,
      0,
      0,
      4,
      1,
      0,
      0,
      1,
      0,
      4,
      0,
      1,
      3,
      1,
      0,
      0,
      0,
      0
    ],
    [
      0,
      0,
      0,
      0,
      0,
      1,
      0,
      0,
      70,
      0,
      4,
      15,
      0,
      0,
      0,
      0,
      0,
      4,
      0,
      0,
      0,
      3
    ],
    [
      0,
      0,
      0,
      0,
      0,
      0,
      0,
      0,
      0,
      0,
      2,
      0,
      0,
      0,
      0,
      0,
      0,
      0,
      0,
      1,
      0,
      0
    ],
    [
      0,
      0,
      0,
      0,
      0,
      2,
      0,
      0,
      0,
      0,
      18,
      0,
      0,
      0,
      0,
      0,
      0,
      0,
      0,
      0,
      0,
      0
    ],
    [
      0,
      0,
      1,
      1,
      0,
      0,
      0,
      0,
      0,
      0,
      0,
      2,
      0,
      0,
      0,
      0,
      0,
      0,
      0,
      5,
      0,
      0
    ],
    [
      0,
      0,
      0,
      0,
      0,
      0,
      0,
      0,
      0,
      0,
      0,
      0,
      12,
      0,
      0,
      0,
      0,
      0,
      0,
      0,
      0,
      0
    ],
    [
      0,
      0,
      1,
      0,
      0,
      0,
      2,
      2,
      0,
      0,
      0,
      1,
      2,
      24,
      0,
      0,
      0,
      0,
      0,
      1,
      0,
      1
    ],
    [
      0,
      0,
      3,
      0,
      0,
      6,
      4,
      22,
      4,
      0,
      3,
      2,
      0,
      48,
      0,
      0,
      21,
      8,
      1,
      7,
      6,
      0
    ],
    [
      0,
      0,
      0,
      0,
      0,
      0,
      0,
      1,
      0,
      0,
      0,
      0,
      0,
      0,
      0,
      1,
      13,
      0,
      0,
      0,
      0,
      0
    ],
    [
      0,
      0,
      3,
      0,
      0,
      0,
      0,
      3,
      0,
      0,
      0,
      0,
      0,
      1,
      0,
      0,
      23,
      0,
      0,
      0,
      0,
      0
    ],
    [
      0,
      0,
      0,
      0,
      0,
      0,
      0,
      0,
      0,
      0,
      0,
      0,
      0,
      0,
      0,
      0,
      0,
      3,
      0,
      0,
      0,
      0
    ],
    [
      0,
      0,
      0,
      0,
      0,
      1,
      2,
      0,
      0,
      0,
      0,
      0,
      0,
      0,
      0,
      0,
      0,
      0,
      13,
      0,
      0,
      2
    ],
    [
      0,
      0,
      0,
      0,
      0,
      0,
      0,
      0,
      0,
      0,
      4,
      0,
      0,
      0,
      0,
      0,
      0,
      0,
      0,
      2,
      0,
      0
    ],
    [
      0,
      0,
      0,
      0,
      0,
      0,
      0,
      9,
      0,
      0,
      0,
      1,
      1,
      5,
      0,
      0,
      3,
      2,
      0,
      0,
      1,
      0
    ],
    [
      0,
      0,
      1,
      1,
      0,
      9,
      4,
      2,
      6,
      0,
      4,
      3,
      0,
      4,
      0,
      0,
      0,
      2,
      0,
      0,
      0,
      18
    ]
  ],
  "classification_report": {
    "Acrylic": {
      "precision": 0.2857142857142857,
      "recall": 0.2857142857142857,
      "f1-score": 0.2857142857142857,
      "support": 7.0
    },
    "Artificial_fur": {
      "precision": 0.0,
      "recall": 0.0,
      "f1-score": 0.0,
      "support": 1.0
    },
    "Artificial_leather": {
      "precision": 0.06666666666666667,
      "recall": 0.5,
      "f1-score": 0.11764705882352941,
      "support": 2.0
    },
    "Blended": {
      "precision": 0.4166666666666667,
      "recall": 0.02032520325203252,
      "f1-score": 0.03875968992248062,
      "support": 246.0
    },
    "Chenille": {
      "precision": 0.0,
      "recall": 0.0,
      "f1-score": 0.0,
      "support": 8.0
    },
    "Corduroy": {
      "precision": 0.13414634146341464,
      "recall": 0.7333333333333333,
      "f1-score": 0.2268041237113402,
      "support": 15.0
    },
    "Cotton": {
      "precision": 0.5245901639344263,
      "recall": 0.0906515580736544,
      "f1-score": 0.15458937198067632,
      "support": 353.0
    },
    "Crepe": {
      "precision": 0.0547945205479452,
      "recall": 0.26666666666666666,
      "f1-score": 0.09090909090909091,
      "support": 15.0
    },
    "Denim": {
      "precision": 0.6666666666666666,
      "recall": 0.7216494845360825,
      "f1-score": 0.693069306930693,
      "support": 97.0
    },
    "Felt": {
      "precision": 0.0,
      "recall": 0.0,
      "f1-score": 0.0,
      "support": 3.0
    },
    "Fleece": {
      "precision": 0.33962264150943394,
      "recall": 0.9,
      "f1-score": 0.4931506849315068,
      "support": 20.0
    },
    "Leather": {
      "precision": 0.031746031746031744,
      "recall": 0.2222222222222222,
      "f1-score": 0.05555555555555555,
      "support": 9.0
    },
    "Linen": {
      "precision": 0.375,
      "recall": 1.0,
      "f1-score": 0.5454545454545454,
      "support": 12.0
    },
    "Nylon": {
      "precision": 0.1509433962264151,
      "recall": 0.7058823529411765,
      "f1-score": 0.24870466321243523,
      "support": 34.0
    },
    "Polyester": {
      "precision": 0.0,
      "recall": 0.0,
      "f1-score": 0.0,
      "support": 135.0
    },
    "Satin": {
      "precision": 0.5,
      "recall": 0.06666666666666667,
      "f1-score": 0.11764705882352941,
      "support": 15.0
    },
    "Silk": {
      "precision": 0.22330097087378642,
      "recall": 0.7666666666666667,
      "f1-score": 0.3458646616541353,
      "support": 30.0
    },
    "Suede": {
      "precision": 0.027522935779816515,
      "recall": 1.0,
      "f1-score": 0.05357142857142857,
      "support": 3.0
    },
    "Terrycloth": {
      "precision": 0.3170731707317073,
      "recall": 0.7222222222222222,
      "f1-score": 0.4406779661016949,
      "support": 18.0
    },
    "Velvet": {
      "precision": 0.04,
      "recall": 0.3333333333333333,
      "f1-score": 0.07142857142857142,
      "support": 6.0
    },
    "Viscose": {
      "precision": 0.016129032258064516,
      "recall": 0.045454545454545456,
      "f1-score": 0.023809523809523808,
      "support": 22.0
    },
    "Wool": {
      "precision": 0.2535211267605634,
      "recall": 0.3333333333333333,