{
  "accuracy": 0.3161290322580645,
  "macro_f1": 0.4382841658174913,
  "weighted_f1": 0.22713695853333396,
  "confusion_matrix": [
    [
      0,
      18,
      35,
      3,
      38,
      1,
      5,
      36,
      165,
      52
    ],
    [
      0,
      71,
      3,
      1,
      0,
      0,
      0,
      3,
      15,
      4
    ],
    [
      0,
      0,
      20,
      0,
      0,
      0,
      0,
      0,
      0,
      0
    ],
    [
      0,
      0,
      0,
      12,
      0,
      0,
      0,
      0,
      0,
      0
    ],
    [
      0,
      0,
      0,
      0,
      33,
      0,
      0,
      0,
      0,
      1
    ],
    [
      0,
      2,
      9,
      1,
      29,
      4,
      14,
      2,
      70,
      4
    ],
    [
      0,
      0,
      0,
      0,
      0,
      0,
      27,
      1,
      2,
      0
    ],
    [
      0,
      0,
      0,
      0,
      0,
      0,
      0,
      18,
      0,
      0
    ],
    [
      0,
      0,
      0,
      0,
      0,
      0,
      0,
      0,
      22,
      0
    ],
    [
      0,
      0,
      3,
      0,
      0,
      0,
      0,
      1,
      12,
      38
    ]
  ],
  "classification_report": {
    "Cotton": {
      "precision": 0.0,
      "recall": 0.0,
      "f1-score": 0.0,
      "support": 353.0
    },
    "Denim": {
      "precision": 0.7802197802197802,
      "recall": 0.7319587628865979,
      "f1-score": 0.7553191489361702,
      "support": 97.0
    },
    "Fleece": {
      "precision": 0.2857142857142857,
      "recall": 1.0,
      "f1-score": 0.4444444444444444,
      "support": 20.0
    },
    "Linen": {
      "precision": 0.7058823529411765,
      "recall": 1.0,
      "f1-score": 0.8275862068965517,
      "support": 12.0
    },
    "Nylon": {
      "precision": 0.33,
      "recall": 0.9705882352941176,
      "f1-score": 0.4925373134328358,
      "support": 34.0
    },
    "Polyester": {
      "precision": 0.8,
      "recall": 0.02962962962962963,
      "f1-score": 0.05714285714285714,
      "support": 135.0
    },
    "Silk": {
      "precision": 0.5869565217391305,
      "recall": 0.9,
      "f1-score": 0.7105263157894737,
      "support": 30.0
    },
    "Terrycloth": {
      "precision": 0.29508196721311475,
      "recall": 1.0,
      "f1-score": 0.45569620253164556,
      "support": 18.0
    },
    "Viscose": {
      "precision": 0.07692307692307693,
      "recall": 1.0,
      "f1-score": 0.14285714285714285,
      "support": 22.0
    },
    "Wool": {
      "precision": 0.3838383838383838,
      "recall": 0.7037037037037037,
      "f1-score": 0.49673202614379086,
      "support": 54.0
    },
    "accuracy": 0.3161290322580645,
    "macro avg": {
      "precision": 0.4244616368588948,
      "recall": 0.733588033151405,
      "f1-score": 0.4382841658174913,
      "support": 775.0
    },
    "weighted avg": {
      "precision": 0.32829154079030826,
      "recall": 0.3161290322580645,
      "f1-score": 0.22713695853333396,
      "support": 775.0
    }
  },
  "loss": 1.6261064735535653
}