{
  "accuracy": 0.8593548387096774,
  "macro_f1": 0.8603898972322023,
  "weighted_f1": 0.8637802303085744,
  "confusion_matrix": [
    [
      284,
      5,
      10,
      0,
      6,
      20,
      3,
      0,
      14,
      11
    ],
    [
      1,
      96,
      0,
      0,
      0,
      0,
      0,
      0,
      0,
      0
    ],
    [
      0,
      0,
      20,
      0,
      0,
      0,
      0,
      0,
      0,
      0
    ],
    [
      0,
      0,
      0,
      12,
      0,
      0,
      0,
      0,
      0,
      0
    ],
    [
      0,
      0,
      0,
      0,
      34,
      0,
      0,
      0,
      0,
      0
    ],
    [
      5,
      0,
      7,
      0,
      0,
      112,
      0,
      0,
      10,
      1
    ],
    [
      0,
      0,
      0,
      0,
      0,
      0,
      30,
      0,
      0,
      0
    ],
    [
      0,
      0,
      0,
      0,
      0,
      0,
      0,
      18,
      0,
      0
    ],
    [
      0,
      0,
      0,
      0,
      0,
      0,
      0,
      0,
      22,
      0
    ],
    [
      8,
      2,
      0,
      0,
      0,
      6,
      0,
      0,
      0,
      38
    ]
  ],
  "classification_report": {
    "Cotton": {
      "precision": 0.9530201342281879,
      "recall": 0.8045325779036827,
      "f1-score": 0.8725038402457758,
      "support": 353.0
    },
    "Denim": {
      "precision": 0.9320388349514563,
      "recall": 0.9896907216494846,
      "f1-score": 0.96,
      "support": 97.0
    },
    "Fleece": {
      "precision": 0.5405405405405406,
      "recall": 1.0,
      "f1-score": 0.7017543859649122,
      "support": 20.0
    },
    "Linen": {
      "precision": 1.0,
      "recall": 1.0,
      "f1-score": 1.0,
      "support": 12.0
    },
    "Nylon": {
      "precision": 0.85,
      "recall": 1.0,
      "f1-score": 0.918918918918919,
      "support": 34.0
    },
    "Polyester": {
      "precision": 0.8115942028985508,
      "recall": 0.8296296296296296,
      "f1-score": 0.8205128205128205,
      "support": 135.0
    },
    "Silk": {
      "precision": 0.9090909090909091,
      "recall": 1.0,
      "f1-score": 0.9523809523809523,
      "support": 30.0
    },
    "Terrycloth": {
      "precision": 1.0,
      "recall": 1.0,
      "f1-score": 1.0,
      "support": 18.0
    },
    "Viscose": {
      "precision": 0.4782608695652174,
      "recall": 1.0,
      "f1-score": 0.6470588235294118,
      "support": 22.0
    },
    "Wool": {
      "precision": 0.76,
      "recall": 0.7037037037037037,
      "f1-score": 0.7307692307692307,
      "support": 54.0
    },
    "accuracy": 0.8593548387096774,
    "macro avg": {
      "precision": 0.8234545491274863,
      "recall": 0.93275566328865,
      "f1-score": 0.8603898972322023,
      "support": 775.0
    },
    "weighted avg": {
      "precision": 0.8837862825524113,
      "recall": 0.8593548387096774,
      "f1-score": 0.8637802303085744,
      "support": 775.0
    }
  },
  "loss": 0.6998714772347481
}