{
  "accuracy": 0.3402714932126697,
  "macro_f1": 0.2606527246279973,
  "weighted_f1": 0.323198240607031,
  "confusion_matrix": [
    [
      3,
      0,
      0,
      0,
      0,
      2,
      0,
      0,
      0,
      0,
      0,
      0,
      0,
      0,
      0,
      0,
      0,
      0,
      2,
      0,
      0,
      0
    ],
    [
      0,
      0,
      0,
      0,
      0,
      0,
      0,
      0,
      0,
      0,
      1,
      0,
      0,
      0,
      0,
      0,
      0,
      0,
      0,
      0,
      0,
      0
    ],
    [
      0,
      0,
      0,
      0,
      0,
      0,
      0,
      0,
      0,
      0,
      0,
      2,
      0,
      0,
      0,
      0,
      0,
      0,
      0,
      0,
      0,
      0
    ],
    [
      7,
      0,
      0,
      12,
      3,
      17,
      47,
      16,
      27,
      0,
      1,
      25,
      24,
      14,
      12,
      1,
      5,
      5,
      18,
      0,
      4,
      8
    ],
    [
      0,
      0,
      0,
      0,
      0,
      0,
      0,
      0,
      0,
      1,
      0,
      0,
      3,
      0,
      0,
      0,
      0,
      0,
      4,
      0,
      0,
      0
    ],
    [
      0,
      0,
      0,
      0,
      0,
      11,
      0,
      0,
      0,
      0,
      1,
      2,
      0,
      0,
      0,
      0,
      0,
      0,
      1,
      0,
      0,
      0
    ],
    [
      5,
      0,
      0,
      20,
      3,
      11,
      120,
      1,
      35,
      0,
      6,
      22,
      24,
      24,
      13,
      0,
      6,
      3,
      39,
      0,
      8,
      13
    ],
    [
      0,
      0,
      0,
      0,
      0,
      0,
      0,
      8,
      1,
      0,
      0,
      0,
      0,
      0,
      1,
      3,
      0,
      0,
      0,
      0,
      1,
      1
    ],
    [
      0,
      0,
      0,
      0,
      0,
      0,
      4,
      0,
      75,
      0,
      1,
      7,
      3,
      2,
      0,
      0,
      0,
      0,
      0,
      0,
      1,
      4
    ],
    [
      0,
      0,
      0,
      0,
      0,
      0,
      0,
      0,
      0,
      0,
      1,
      2,
      0,
      0,
      0,
      0,
      0,
      0,
      0,
      0,
      0,
      0
    ],
    [
      0,
      0,
      0,
      0,
      0,
      4,
      0,
      0,
      0,
      0,
      11,
      2,
      0,
      0,
      0,
      0,
      0,
      0,
      0,
      3,
      0,
      0
    ],
    [
      0,
      0,
      0,
      0,
      0,
      0,
      0,
      1,
      0,
      0,
      0,
      7,
      0,
      0,
      0,
      0,
      0,
      0,
      0,
      1,
      0,
      0
    ],
    [
      0,
      0,
      0,
      0,
      0,
      0,
      0,
      0,
      0,
      0,
      0,
      0,
      12,
      0,
      0,
      0,
      0,
      0,
      0,
      0,
      0,
      0
    ],
    [
      0,
      0,
      0,
      1,
      0,
      0,
      1,
      0,
      1,
      0,
      0,
      0,
      2,
      24,
      2,
      0,
      0,
      0,
      0,
      0,
      0,
      3
    ],
    [
      0,
      0,
      1,
      2,
      0,
      4,
      13,
      17,
      7,
      1,
      1,
      6,
      2,
      24,
      29,
      2,
      15,
      1,
      1,
      4,
      1,
      4
    ],
    [
      0,
      0,
      0,
      0,
      0,
      0,
      0,
      0,
      0,
      0,
      0,
      0,
      0,
      0,
      0,
      11,
      4,
      0,
      0,
      0,
      0,
      0
    ],
    [
      0,
      0,
      0,
      0,
      0,
      0,
      0,
      0,
      0,
      0,
      0,
      0,
      0,
      0,
      1,
      11,
      17,
      0,
      0,
      0,
      1,
      0
    ],
    [
      0,
      0,
      0,
      0,
      0,
      0,
      0,
      0,
      0,
      0,
      0,
      0,
      0,
      0,
      0,
      0,
      0,
      3,
      0,
      0,
      0,
      0
    ],
    [
      0,
      0,
      0,
      0,
      0,
      1,
      0,
      0,
      1,
      0,
      0,
      0,
      1,
      0,
      0,
      0,
      0,
      0,
      15,
      0,
      0,
      0
    ],
    [
      0,
      0,
      0,
      0,
      0,
      0,
      0,
      0,
      0,
      0,
      2,
      0,
      0,
      2,
      0,
      0,
      0,
      0,
      0,
      2,
      0,
      0
    ],
    [
      0,
      0,
      0,
      0,
      0,
      0,
      2,
      10,
      3,
      0,
      0,
      0,
      0,
      2,
      0,
      0,
      0,
      1,
      0,
      0,
      4,
      0
    ],
    [
      5,
      0,
      0,
      1,
      0,
      5,
      1,
      0,
      8,
      0,
      5,
      3,
      10,
      1,
      1,
      0,
      0,
      0,
      1,
      0,
      1,
      12
    ]
  ],
  "classification_report": {
    "Acrylic": {
      "precision": 0.15,
      "recall": 0.42857142857142855,
      "f1-score": 0.2222222222222222,
      "support": 7.0
    },
    "Artificial_fur": {
      "precision": 0.0,
      "recall": 0.0,
      "f1-score": 0.0,
      "support": 1.0
    },
    "Artificial_leather": {
      "precision": 0.0,
      "recall": 0.0,
      "f1-score": 0.0,
      "support": 2.0
    },
    "Blended": {
      "precision": 0.3333333333333333,
      "recall": 0.04878048780487805,
      "f1-score": 0.0851063829787234,
      "support": 246.0
    },
    "Chenille": {
      "precision": 0.0,
      "recall": 0.0,
      "f1-score": 0.0,
      "support": 8.0
    },
    "Corduroy": {
      "precision": 0.2,
      "recall": 0.7333333333333333,
      "f1-score": 0.3142857142857143,
      "support": 15.0
    },
    "Cotton": {
      "precision": 0.6382978723404256,
      "recall": 0.33994334277620397,
      "f1-score": 0.4436229205175601,
      "support": 353.0
    },
    "Crepe": {
      "precision": 0.1509433962264151,
      "recall": 0.5333333333333333,
      "f1-score": 0.23529411764705882,
      "support": 15.0
    },
    "Denim": {
      "precision": 0.47468354430379744,
      "recall": 0.7731958762886598,
      "f1-score": 0.5882352941176471,
      "support": 97.0
    },
    "Felt": {
      "precision": 0.0,
      "recall": 0.0,
      "f1-score": 0.0,
      "support": 3.0
    },
    "Fleece": {
      "precision": 0.36666666666666664,
      "recall": 0.55,
      "f1-score": 0.44,
      "support": 20.0
    },
    "Leather": {
      "precision": 0.08974358974358974,
      "recall": 0.7777777777777778,
      "f1-score": 0.16091954022988506,
      "support": 9.0
    },
    "Linen": {
      "precision": 0.14814814814814814,
      "recall": 1.0,
      "f1-score": 0.25806451612903225,
      "support": 12.0
    },
    "Nylon": {
      "precision": 0.25806451612903225,
      "recall": 0.7058823529411765,
      "f1-score": 0.3779527559055118,
      "support": 34.0
    },
    "Polyester": {
      "precision": 0.4915254237288136,
      "recall": 0.21481481481481482,
      "f1-score": 0.29896907216494845,
      "support": 135.0
    },
    "Satin": {
      "precision": 0.39285714285714285,
      "recall": 0.7333333333333333,
      "f1-score": 0.5116279069767442,
      "support": 15.0
    },
    "Silk": {
      "precision": 0.3617021276595745,
      "recall": 0.5666666666666667,
      "f1-score": 0.44155844155844154,
      "support": 30.0
    },
    "Suede": {
      "precision": 0.23076923076923078,
      "recall": 1.0,
      "f1-score": 0.375,
      "support": 3.0
    },
    "Terrycloth": {
      "precision": 0.18518518518518517,
      "recall": 0.8333333333333334,
      "f1-score": 0.30303030303030304,
      "support": 18.0
    },
    "Velvet": {
      "precision": 0.2,
      "recall": 0.3333333333333333,
      "f1-score": 0.25,
      "support": 6.0
    },
    "Viscose": {
      "precision": 0.19047619047619047,
      "recall": 0.18181818181818182,
      "f1-score": 0.18604651162790697,
      "support": 22.0
    },
    "Wool": {
      "precision": 0.26666666666666666,
      "recall": 0.2222222222222222,
      "f1-score": 0.24242424242424243,