{
  "accuracy": 0.9393548387096774,
  "macro_f1": 0.9401124119732645,
  "weighted_f1": 0.9394943189123689,
  "confusion_matrix": [
    [
      329,
      3,
      0,
      0,
      5,
      8,
      1,
      1,
      3,
      3
    ],
    [
      1,
      96,
      0,
      0,
      0,
      0,
      0,
      0,
      0,
      0
    ],
    [
      0,
      0,
      20,
      0,
      0,
      0,
      0,
      0,
      0,
      0
    ],
    [
      0,
      0,
      0,
      12,
      0,
      0,
      0,
      0,
      0,
      0
    ],
    [
      0,
      0,
      0,
      0,
      33,
      1,
      0,
      0,
      0,
      0
    ],
    [
      4,
      0,
      0,
      0,
      0,
      126,
      1,
      0,
      2,
      2
    ],
    [
      0,
      0,
      0,
      0,
      0,
      0,
      30,
      0,
      0,
      0
    ],
    [
      0,
      0,
      0,
      0,
      0,
      0,
      0,
      18,
      0,
      0
    ],
    [
      2,
      0,
      0,
      0,
      0,
      0,
      0,
      0,
      20,
      0
    ],
    [
      2,
      0,
      0,
      0,
      0,
      8,
      0,
      0,
      0,
      44
    ]
  ],
  "classification_report": {
    "Cotton": {
      "precision": 0.9733727810650887,
      "recall": 0.9320113314447592,
      "f1-score": 0.9522431259044862,
      "support": 353.0
    },
    "Denim": {
      "precision": 0.9696969696969697,
      "recall": 0.9896907216494846,
      "f1-score": 0.9795918367346939,
      "support": 97.0
    },
    "Fleece": {
      "precision": 1.0,
      "recall": 1.0,
      "f1-score": 1.0,
      "support": 20.0
    },
    "Linen": {
      "precision": 1.0,
      "recall": 1.0,
      "f1-score": 1.0,
      "support": 12.0
    },
    "Nylon": {
      "precision": 0.868421052631579,
      "recall": 0.9705882352941176,
      "f1-score": 0.9166666666666666,
      "support": 34.0
    },
    "Polyester": {
      "precision": 0.8811188811188811,
      "recall": 0.9333333333333333,
      "f1-score": 0.9064748201438849,
      "support": 135.0
    },
    "Silk": {
      "precision": 0.9375,
      "recall": 1.0,
      "f1-score": 0.967741935483871,
      "support": 30.0
    },
    "Terrycloth": {
      "precision": 0.9473684210526315,
      "recall": 1.0,
      "f1-score": 0.972972972972973,
      "support": 18.0
    },
    "Viscose": {
      "precision": 0.8,
      "recall": 0.9090909090909091,
      "f1-score": 0.851063829787234,
      "support": 22.0
    },
    "Wool": {
      "precision": 0.8979591836734694,
      "recall": 0.8148148148148148,
      "f1-score": 0.8543689320388349,
      "support": 54.0
    },
    "accuracy": 0.9393548387096774,
    "macro avg": {
      "precision": 0.9275437289238619,
      "recall": 0.9549529345627418,
      "f1-score": 0.9401124119732645,
      "support": 775.0
    },
    "weighted avg": {
      "precision": 0.9411690193734449,
      "recall": 0.9393548387096774,
      "f1-score": 0.9394943189123689,
      "support": 775.0
    }
  },
  "loss": 0.4430678950586627
}