{
  "accuracy": 0.9767741935483871,
  "macro_f1": 0.9708180785462615,
  "weighted_f1": 0.9770051725188424,
  "confusion_matrix": [
    [
      343,
      3,
      0,
      0,
      2,
      1,
      1,
      0,
      3,
      0
    ],
    [
      0,
      97,
      0,
      0,
      0,
      0,
      0,
      0,
      0,
      0
    ],
    [
      1,
      0,
      19,
      0,
      0,
      0,
      0,
      0,
      0,
      0
    ],
    [
      0,
      0,
      0,
      12,
      0,
      0,
      0,
      0,
      0,
      0
    ],
    [
      0,
      0,
      0,
      0,
      33,
      1,
      0,
      0,
      0,
      0
    ],
    [
      1,
      0,
      1,
      0,
      2,
      129,
      0,
      0,
      1,
      1
    ],
    [
      0,
      0,
      0,
      0,
      0,
      0,
      30,
      0,
      0,
      0
    ],
    [
      0,
      0,
      0,
      0,
      0,
      0,
      0,
      18,
      0,
      0
    ],
    [
      0,
      0,
      0,
      0,
      0,
      0,
      0,
      0,
      22,
      0
    ],
    [
      0,
      0,
      0,
      0,
      0,
      0,
      0,
      0,
      0,
      54
    ]
  ],
  "classification_report": {
    "Cotton": {
      "precision": 0.9942028985507246,
      "recall": 0.9716713881019831,
      "f1-score": 0.9828080229226361,
      "support": 353.0
    },
    "Denim": {
      "precision": 0.97,
      "recall": 1.0,
      "f1-score": 0.9847715736040609,
      "support": 97.0
    },
    "Fleece": {
      "precision": 0.95,
      "recall": 0.95,
      "f1-score": 0.95,
      "support": 20.0
    },
    "Linen": {
      "precision": 1.0,
      "recall": 1.0,
      "f1-score": 1.0,
      "support": 12.0
    },
    "Nylon": {
      "precision": 0.8918918918918919,
      "recall": 0.9705882352941176,
      "f1-score": 0.9295774647887324,
      "support": 34.0
    },
    "Polyester": {
      "precision": 0.9847328244274809,
      "recall": 0.9555555555555556,
      "f1-score": 0.9699248120300752,
      "support": 135.0
    },
    "Silk": {
      "precision": 0.967741935483871,
      "recall": 1.0,
      "f1-score": 0.9836065573770492,
      "support": 30.0
    },
    "Terrycloth": {
      "precision": 1.0,
      "recall": 1.0,
      "f1-score": 1.0,
      "support": 18.0
    },
    "Viscose": {
      "precision": 0.8461538461538461,
      "recall": 1.0,
      "f1-score": 0.9166666666666666,
      "support": 22.0
    },
    "Wool": {
      "precision": 0.9818181818181818,
      "recall": 1.0,
      "f1-score": 0.9908256880733946,
      "support": 54.0
    },
    "accuracy": 0.9767741935483871,
    "macro avg": {
      "precision": 0.9586541578325998,
      "recall": 0.9847815178951655,
      "f1-score": 0.9708180785462615,
      "support": 775.0
    },
    "weighted avg": {
      "precision": 0.9780292945916421,
      "recall": 0.9767741935483871,
      "f1-score": 0.9770051725188424,
      "support": 775.0
    }
  },
  "loss": 0.3486815311831813
}