{
  "accuracy": 0.6348387096774194,
  "macro_f1": 0.6648189780974887,
  "weighted_f1": 0.6318434699685198,
  "confusion_matrix": [
    [
      153,
      51,
      2,
      6,
      20,
      19,
      2,
      21,
      37,
      42
    ],
    [
      0,
      96,
      0,
      1,
      0,
      0,
      0,
      0,
      0,
      0
    ],
    [
      0,
      1,
      19,
      0,
      0,
      0,
      0,
      0,
      0,
      0
    ],
    [
      0,
      0,
      0,
      12,
      0,
      0,
      0,
      0,
      0,
      0
    ],
    [
      0,
      0,
      1,
      0,
      29,
      4,
      0,
      0,
      0,
      0
    ],
    [
      13,
      6,
      5,
      1,
      6,
      79,
      2,
      0,
      15,
      8
    ],
    [
      0,
      0,
      0,
      0,
      0,
      2,
      28,
      0,
      0,
      0
    ],
    [
      1,
      0,
      0,
      0,
      0,
      0,
      0,
      17,
      0,
      0
    ],
    [
      0,
      1,
      0,
      0,
      0,
      0,
      0,
      0,
      21,
      0
    ],
    [
      4,
      2,
      0,
      1,
      0,
      7,
      0,
      0,
      2,
      38
    ]
  ],
  "classification_report": {
    "Cotton": {
      "precision": 0.8947368421052632,
      "recall": 0.43342776203966005,
      "f1-score": 0.583969465648855,
      "support": 353.0
    },
    "Denim": {
      "precision": 0.6114649681528662,
      "recall": 0.9896907216494846,
      "f1-score": 0.7559055118110236,
      "support": 97.0
    },
    "Fleece": {
      "precision": 0.7037037037037037,
      "recall": 0.95,
      "f1-score": 0.8085106382978723,
      "support": 20.0
    },
    "Linen": {
      "precision": 0.5714285714285714,
      "recall": 1.0,
      "f1-score": 0.7272727272727273,
      "support": 12.0
    },
    "Nylon": {
      "precision": 0.5272727272727272,
      "recall": 0.8529411764705882,
      "f1-score": 0.651685393258427,
      "support": 34.0
    },
    "Polyester": {
      "precision": 0.7117117117117117,
      "recall": 0.5851851851851851,
      "f1-score": 0.6422764227642277,
      "support": 135.0
    },
    "Silk": {
      "precision": 0.875,
      "recall": 0.9333333333333333,
      "f1-score": 0.9032258064516129,
      "support": 30.0
    },
    "Terrycloth": {
      "precision": 0.4473684210526316,
      "recall": 0.9444444444444444,
      "f1-score": 0.6071428571428571,
      "support": 18.0
    },
    "Viscose": {
      "precision": 0.28,
      "recall": 0.9545454545454546,
      "f1-score": 0.4329896907216495,
      "support": 22.0
    },
    "Wool": {
      "precision": 0.4318181818181818,
      "recall": 0.7037037037037037,
      "f1-score": 0.5352112676056338,
      "support": 54.0
    },
    "accuracy": 0.6348387096774194,
    "macro avg": {
      "precision": 0.6054505127245656,
      "recall": 0.8347271781371856,
      "f1-score": 0.6648189780974887,
      "support": 775.0
    },
    "weighted avg": {
      "precision": 0.7404833436266914,
      "recall": 0.6348387096774194,
      "f1-score": 0.6318434699685198,
      "support": 775.0
    }
  },
  "loss": 1.0723884084916884
}